Nombre del autor|Traducción|Título del libro|Lugar de edicion|Editorial -les|Año|Páginas|Formato|Colección/Tema|Edición|Tomo|Colección|Imprenta|Palabras Clave|Referencias|
Aragón B. Eliseo||Toponimias en lengua Náhuatl del Estado de Morelos|México|Eliseo Aragón Rebolledo / Octavio Novaro|1969|102|6.5x9 pulg|Historia de Morelos|Primera|||Editorial Herrera|Toponimias, nahuatl, lengua, jeroglíficos, prehispánicos, códices|La presente obra responde al propósito de facilitar, por medio de la explicaciòn etimológica de los nombres inígenas, el conocimiento de las características que son propias de diversas poblaciones y lugares de la entidad morelense.|
Arenas Francisco Javier||Mariano Matamoros Brazo derecho del heroismo|México|Editorial AUM|1974|48|5x8 pulg|Historia de Morelos|Primera|||Publicidad Editora|Heroismo, insurgente, epopeya, generalísimo, Jantetelco|Don Mariano Matamoros, el gran insurgente, se forma en esa injusta paz insoportable de casi trescientos años de edad media colonial, en esta Nueva España.|
Besso Humberto-González Oberto||Tepozteco guía oficial|México|Instituto Nacional de Antropología e Historia|1980|51|5x7.5 pulg|Historia de Morelos||||Instituto Nacional de Antropología e Historia|Localización, antecedentes, mitología, jeroglífica, épocas, prehispánica, Tepoztecatl|En este poblado perteneciente al Estado de Morelos, ademas de sus exitantes escenarios, cuenta con una zona arqueológica de inigualable particularidad en lo alto del cerro Ehecatepetl y un viejo convento dominicano del siglo XVI. |
Blasio José Luis||Maximiliano Íntimo |México|Librería de la Vda de C. Bouret|1905|478|7.5x5.5 pulg|Historia de Morelos||I|||Maximiliano, emperador, memorias, hacienda, puebla, chapultepec, pachuca, decreto, carlota, cuernavaca, emperatriz, veracruz, puebla, queretaro, general, coronel|El emperador Maximiliano y su corte Memorias de un secretario particular|
Casarrubias Vicente C.||Huaxtepec Colonia de recreación juvenil|México|Ricardo Cortés Tamayo|1961|37|6.5x9 pulg|Historia de Morelos||||Impresora Galve, S.A.|Ubicación, colonia, concurrencia, patronatos, templo, convento, pintura |La villa de Huaxtepec en el Estado de Morelos asiento de uno de los señorìos tlahuicas en pretèritos tiempos es uno de los sitios más bellos de esa heroica entidad|
Castañeda L. Gualberto||El Estado de Morelos geografía escolar y de información|Cuernavaca|UAEM|1969|124|6.5x8.5 pulg|Historia de Morelos||||Talleres gráficos de la Universidad Autónoma del Estado de Morelos|Geografía, clima, orografía, geología, hidrografía, producción, población, aducación, comunicaciones, gobierno|Geografía escolar y de información del Estado de Morelos|
Castañeda Linares Gualberto||Estudio geográfico del municipio de Cuernavaca Morelos|Cuernavaca||1959|87|6x8.5 pulg|Historia de Morelos||||Imprenta universitaria|Localización, limites, extensión, antecedentes, conquista, colonial, independencia, revolución, geológico, morfológica, edafológica, clima, hidrografía, vegetación, población, agricultura, ganadería, industria, turismo, comercio, gobierno, educación, comunicaciones  |La división territorial fue ajustandose muy lentamente durante la época colonial en función de necesidades económico-politicas y de esta suerte el Estado de Morelos no se conocía como tal a mediados del siglo pasado.|
Chavez Orozco Luis||El sitio de Cuautla|México|Costa Amic |1962|170|5.5x7.5 pulg|Historia de Morelos|Segunda|||Costa Amic |Sitio, Cuautla, general, cuartel, escuadrones, batallón, infantería, plaza, hacienda, guerrillas, caballería|En la historia de las luchas del pueblo mexicano por conquistar su Independencia, el Sitio de Cuautla constituye uno de los capítulos más brillantes, es en este libro bien documentado, donde con mayores detalles, en forma ágil y evocación fervorosa, se describen los episodios de tan admirable hecho de armas.|
Chavez Orozco Luis||El sitio de Cuautla suplemento literario encuadernable escrito especialmente para resumen||||200|5.5x7.5 pulg|Historia de Morelos||||||La epopeya de la Guerra de Independencia|
Davila José María||Yo también fui revolucionario|Rio de Janeiro|Irmaos pongetti editores||241|5x7.5 pulg|Historia de Morelos|||||Revolucionario, guerra, zapata, plagio, fuga|Relato semiverídico e inverecundo|
De la Parra Gonzalo||De como se hizo revolvcionario vn hombre de bvena Fe|México||1915|195|6x8 pulg|Historia de Morelos|||||Epitafio, duque, filiación, politica, máquina, Villa, coroneles, barbarie, justicia, triunfo, magistrados, jueces, libertad, zapatistas, feudal, reaccionarios, Carranza|Este no es un libro.Este es un volumen en el cual unos cuantos artículos míos trazan a pesar de las vastas lagunas y de los luengos paréntesis de silencio la linea, la órbita, la ruta seguida por el pensamiento de un muchacho sincero a través de los hombres y los acontecimientos.|
De María y Campos Armando ||Matamoros Teniente General Insurgente|México|Editorial Jus, S.A.|1964|136|6.5x9 pulg|Historia de Morelos|Primera||México Heroico|Talleres de la Editorial Jus, S.A.|Emperador, caudillos, Independencia, monumento, Matamoros, Morelos, Izúcar, insurgentes, cuartel, fortín, Bustamante, batalla, realistas, proceso, exhumación|Biografía de Mariano Matamoros, teniente y general insurgente|
De Paul San Vicente||Decima carta pastoral del Ilmo. Y Rmo. Sr. Obispo de Cuernavaca,  referente a las asociaciones de caridad de San Vicente de Paul en la diócesi|Cuernavaca||1897|6|6x8 pulg|Historia de Morelos||||Luis G. Miranda|Carta, pastoral, obispo, caridad, diocesi, episcopal|Asociaciones de caridad|
Diez Domingo||Bosquejo histórico geográfico de Morelos|Cuernavaca, Mor.|Editorial Tlahuica|1967|188||Historia de Morelos|Segunda|||Imprenta Tlahuica|Geografía, Morelos, orografía, límites, territoriales, hidrografìa, climas, agricultura, carreteras, ferrocarriles, población, historia, gobierno, creación|Estudios históricos y bibliográficos sobre el Estado de Morelos |
Díez Domingo||El cultivo e industria de la caña de azucar|México||1919|137|6.5x9 pulg|Historia de Morelos||||Victoria|Azucar, cultivo, caña, azucarera, botanicas, agrícolas, climatéricas, aguas, abanamientos, Puente de Ixtla, Amacuzac, Tlaltenango, Abonos, Cañavereros, Campos, Fertilidad, Surcada, Riegos, Mieles, Alcoholes, Patología, Riego, Enfermedades, Industria, Terrenos, Lluvias, Drenaje, Puebla, Caldera, Herramienta, Zacatepec, Exportaciones, Mascabado |El cultivo extensivo de la caña de azúcar y el notable desarrollo de la industria azucarera|
Diez Domingo ||Bibliografía del Estado de Morelos|México|Secretaría de Relaciones exteriores|1933|427|6x7.5 pulg|Historia de Morelos||||Imprenta de la Secretaría de Relaciones exteriores|Crónicas, monografías, almanaques, albunes, periódicos, manuscritos, ciencias, arqueología, geografía, estadística, agricultura, industria, comercio, leyes, decretos, reglamentos, memorias, informes, sociales, artes, archivo|Bosquejo geográfico e histórico del Estado de Morelos|
Dromundo Baltasar||Quince años de Emiliano Zapata 1919-1934|México|Publicaciones de la Dirección General de Acción Cívica del Departamento del Distrito Federal |1934|10|6.5x8.5 pulg|Historia de Morelos|||||Zapata, Revolución, Ayala, Tierras, libertad, caudillo|Hoy, a los quice años de su muerte que dejó un hueco insustituible entre las filas revolucionarias de los indios, comprendemos todos los que hemos crecido en su devoción, que era Zapata, nuestro grande, nuestro íntegro General Zapata.|
Dubernard Chauveau Juan||Apuntes para la historia de Tepoztán|Cuernavaca||1983|162|8.5x6 pulg|Historia de Morelos||||Talleres gráficos de impresores de Morelos S.A. |Tepoztlán, orígen, moradores, tepoztecalli, calamatlan, dioses, pulque, tepoztecatl, cultural, barrios, convento, teopanco, grutas, colonial|En el ambiente natural extraordinario de un valle, cerros, rocas y exhuberante vegetación, lugar donde han florecido y perduran varias formas de cultura, es donde se yergue Tepoztlán.|
Estrada Cajigal Adriana||Tlayacapan|Cuernavaca||1986|40|6x8 pulg|Historia de Morelos||||Talleres gráficos de impresores de Morelos S.A. |Habitantes, capillas, barrios, convento, iglesia, colonial, edificios, independiente, municipio, minería, agricultura, ganadería, fiestas, exposiciones|Tlayacapan es un lugar de clima y ubicación privilegiados, el pueblo se encuentra situado en la entrada del paso más fácil desde el sur, al valle de México sobre la cordillera del Ajusco, cuenta con algunos manantiales, estaba cerca del bosque y tiene tierra laborable, por lo tanto esta región estuvo poblada desde tiempos prehistóricos.|
Estrada Pedro||Nociones estadísticas del Estado de Morelos|Cuernavaca|Horizonte|1887|108|5.5x7.5 pulg|Historia de Morelos||||Aurelio Flores|Ereccion, situación, limites, geográficos, orográfico, hidrográfico, clima, producciones, mineral, agrícultura, plantas, pecuaria, ganado, gobierno, administración, idiomas, poblaciones, monumentos, carreteras, oficinas, comunicación, municipios, histórica|El Estado de Morelos se erigió por decreto de 16 de abril de 1869 expedido por el congreso de la Unión, formándose de la porcion de territorio que se conocia por el 3er Distrito militar del antiguo Estado de México, y creado por decreto de 7 de junio de 1862.|
Gómez de Orozco Federico||El convento Franciscano de Cuernavaca|México|Centro de Estudios Franciscanos|1943|98|6.5x9 pulg|Historia de Morelos||||Centro de Estudios Historicos Franciscanos|Convento, franciscanos, conquista, evangelización, iglesia, asunción, seráfica|Monografía Historica del Convento e Iglesia Franciscanos de Cuernavaca|
González Pablo||Zapata reaccionario y traidor|Saltillo, Coahuila|Cultura Historiográfica |1974|229|4.5x6.5 pulg|Historia de Morelos||||"Talleres Gráficos de editorial ""Alfonso Reyes"""|Revolucionario, constitucionales, agrarios, régimen, constitución, Madero, Revolución, porfirismo, democracia, latifundistas, magnicidios, testimonios, averiguación, plan, demagogia, fraude, chinameca|Es un libro para desengañar a los 20 millones de campesinos de los 23,000 ejidosa de la Republica Mexicana y a media humanidad víctima del colosal engaño en el resto del orbe. Con 26 documentos facsimilares históricos probatorios de sus imperdonables nexos con la reacción, con los latifundistas, con las compañías petroleras extranjeras y con la Casa Blanca de Washington.|
Guzmán Vereo||La inquietud de la hora |Cuernavaca||1934|76|6x7.5 pulg|Historia de Morelos|Segunda|||Impresores morelenses|Inquietud, sentidos, versos, vida, locura, dulce, semblanza, alma, milagro|Versos que saben de la vida, sentidos y trazados por vereo guzmán|
Gvzman vereo||La montaña que canta |Cuernavaca||1934|77|5.5x8 pulg|Historia de Morelos||||Impresores morelenses|Pórtico, Cuernavaca, catedral, Tepetates, Borda, Antón, Chapultepec, Teopanzolco, palacio, Cortés, exultación|Poemas, visiones subjetivas de Cuernavaca|
Jiménez B Sergio||Aquel cristo mexica|México|Agustín Pérez León|1948|127|7x9 pulg|Historia de Morelos||||Talleres gráficos de la Nación |Cristo, mexica, xoxocotla, milagroso, fiesta, ascensión, ofrendas, danza, música, cerro, poza, cruces, callejón, eclipse, jehuite, pantitlan, boda, santo, parroco, soldadera|Obra literaria sobre la verdad histórica, joya de la literatura morelense.|
Jiménez B. Sergio||INDO LEYENDAS|México|Enrique F. Reyes / Agustín Pérez León|1950|121|6.5x9 pulg|Historia de Morelos||||Talleres gráficos de Manuel Casas|Mexica, Cortes, Xoxocotla, dioses, universidad, huitlacoches, santo, volcán, misterio, leyenda, poza, tamoanchan, revolucionario, hacienda, Cardenas|"Novela, obra literaria en la que podremos leer datos como el siguiente: El significado de la palabra Xoxocotla es en náhuatl: ""Lugar de ciruelos agrios""; este nombre lo justifica la riqueza variada de su sabrosa ciruela, única en el Estado."|
Jiménez Benítez Sergio ||Azucar amarga|México|Sergio Mejías Rosas / Ezequiel Contreras Jiménez|1982|236|5.5x7 pulg|Historia de Morelos|Primera|||"Talleres de impresora ""saber"""|Prisión, concientización, obrera, conciencia, feudo, coronación, pipila, Cardenas, demagogia, revolucionario, indigenas, represión|Novela de denuncia, obra literaria, denuncia con valentia la injusticia social imperante.|
List Arzubide||Emiliano Zapata  (Exaltación)|México|Conferencia|1965|86|5.5x7.5 pulg|Historia de Morelos|Sexta|||Radio Impresora Mexicana, S de R.L.|Zapata, caudillo, Revolución, campesinos, latifundistas, indios, crímenes, Anenecuilco, rebeldia, zapatistas, cuartel, Tlaltizapan, haciendas, ejidos|Discursos y estatuas, las frases rimbombantes y los homenajes ruidosos, se cumplan el programa de Emiliano Zapata reducido a dos palabras nada más, pero que son las que el indio espera también: TIERRA Y LIBERTAD|
List Arzubide Germán||El Movimiento estridentista|Jalapa, Ver.|Horizonte|1926|106|5.5x7.5 pulg|Historia de Morelos||||Francisco Mora / Emilio Colon|Poeta, estridentista, Revolución, obreros|Cuando se charla con List Arzubide, hay el peligro de que, algo de nuestra tristeza o de nuestra alegría, naufrague en el abismo de su carcajada.|
List ArzubideGerman||Zapata Exaltacion (Segunda edición)|México|Publicaciones del departamento de bibliotecas de la secretaria de educacion publica|1936|47|4.5x6.5 pulg|Historia de Morelos|Segunda|Cinco|Biblioteca del Obrero y Campesino |Talleres gráficos de la Nación |Zapata, revolución, historia, campesinos, México, Emiliano, caudillo, rebeldia, Díaz, Carranza, traición, lucha|El 10 de abril de 1919, quedará en la historia de nuestra Revolución como un dolor para los campesinos y un remordimiento para los que nos llamamos en México conscientes.|
López Beltran Lauro||El templo de los prodigios|Cuernavaca |Juan Diego|1950|79|5.5x7.5 pulg|Historia de Morelos|||||Prodigioso, capilla, franciscana, cronógrafo, catalina, cronista, aprestos, profanos, medianeros, misioneros, flagelación, espiritual, somera, seminario, sacerdotes|Monografía historica del templo de la tarcera orden de San Francisco en Cuernavaca|
López Beltran Lauro||Morelos guadalupano|Cuernavaca|Juan Diego|1950|108|5.5x7.5 pulg|Historia de Morelos|Segunda||||Seminarista, guadalupano, monumento, santuario, Maximiliano, monseñor, revolución, suriana, homenajes, retablo, virgen, coronación, peregrinos|Recuerdo de la peregrinación guadalupana del Estado de Morelos a la Insigne y nacional Basílica de Santa María de Guadalupe.|
López Beltrán Lauro||Fray Antonio de Roa Taumaturgo Penitente|México||1969|140|6.5x9 pulg|Historia de Morelos|Segunda||México Heroico|Talleres de la Editorial Jus, S.A.|Obispo, cronista, parroquiales, vicario, canónigo, sacerdocio, agustiniana, convento, sacerdotal, franciscanos, dominicos, evangelista|Portentosa vida del venerable padre Fray Antonio Roa, de la meritísima Orden de San Agustín.|
López Beltrán Lauro||La virgen de tlaltenango||Tradición||95|5x7.5 pulg|Historia de Morelos|Segunda||||Fundación, templo, oratorio, ingenio, cortesiano, litigio, ruinas, hotelería, convento, cronógrafo, culto, santuario, fiestas, ferias, devotos, catedral, homenajes, imploración|La Virgen de los Milagros se ha venido venerando por los fieles de Tlaltenango y de otros lugares desde hace más de 200 años. Ellos organizan cada año una rumbosa feria popular como celebración del día ocho de septiembre, en que se conmemora el nacimiento de la Virgen.|
López González Valentín||Calendario de ferias del estado de Morelos|Cuernavaca, Mor.|Universidad de Morelos|1957|18|4x5 pulg|Historia de Morelos||||Imprenta universitaria|Calendario, ferias, Morelos, carnaval, santo, candelaria, cuaresma, festividad|Calendario de ferias de Morelos|
López González Valentín||Biblioteca central universitaria Miguel Salinas|Cuernavaca|Universidad de Morelos|1963|23|6x9 pulg|Historia de Morelos|||||Fundación, teatro, inauguración, pintura, mural, música, biblioteca|"Breves apuntes históricos 1886-1961 Biblioteca Central Universitaria ""Miguel Salinas"""|
López González Valentín||El palacio de cortes en Cuernavaca|Cuernavaca||1958|94|6.5x8.5 pulg|Historia de Morelos||||Imprenta universitaria|Epoca, colonial, independiente, revolucionaria, contemporánea, murales, escenográficas, Maximiliano, palacio, cortes|Monografía del Palacio de Cortés que hoy se da a conocer por medio del Centro de Estudios Históricos de la Universidad de Morelos, a tráves de sus monografías morelenses.|
Logan S. Walter||The siege of Cuautla|||1893|27||Historia de Morelos|||||Cuautla, historical, society, bunker, story, mexican, revolution, independence, colonies|The time has come for independence. In the nature of things the colonies on this side of the ocean cannot remain forever connected with their mother countries. A revolution is inevitable in Mexico as in the United States.|
Marques de San Francisco||Los jardínes de la Nueva España Uno|México||1919|75||Historia de Morelos||||Franco Mexicana|Monografías, artísticas, jardines, España, palacios, urbanos, huertas, monásticos, convento, monasterios, escalinatas, estanque, cenador, colonial, fuente, pensil, patio, casa   |Muy inferiores a los palacios urbanos fueron las casas de campo de la Nueva España. Situadas en San Cosme o la Tlaxpana; en los pueblos cercanos a la capital, o en las ciudades de provincias; estas casas de placer como se les llamaba en las primeras épocas del virreinato. |
Manzanilla Schaffer Victor||El plan de Ayala a cincuenta años de distancia|México||1962|15|6.5x9 pulg|Historia de Morelos|Primera|||Libros de México, S.A.|Revolución, Constitución, agraria, reforma|Hablar del Plan de Ayala, es referirse a Emiliano Zapata, a la Reforma Agraria y a la Revolución Mexicana de 1910|
Martínez Marín Carlos||Tetela del Volcán su história y su convento|México|Universidad Nacional Autónoma de México|1968|229|6.5x9 pulg|Historia de Morelos|Primera|||Imprenta universitaria|Tetela, historia, cultura, evangelización, fundación, monástica, pinturas, murales, dominicos, convento, volcán|Historia prehispánica y colonial de Tetela del Volcán|
Mazari Manuel||Bosquejo Histórico del Estado de Morelos 1930|México||1966|233|10.5x8.5 pulg|Historia de Morelos||Único|||Hacienda, mapa, piramide, chicomoztoc, señorios,códice, arqueología, historia, Etnografía, tepozteco, tributos, comarca, escudo, iglesia, convento, claustro, facsimile, mausoleo|Podría ser util para aquellos que se inicien en la historia del Estado de Morelos, sobre todo por la descripción personal de hechos ocurridos durante la Revolución|
Mazari Puerto Manuel||Bosquejo Histórico del Estado de Morelos |Cuernavaca, Morelos||1986|233|10.5x8 pulg|Historia de Morelos||Único|||Agraria, agricultura, agronomos, códice, revolución,  |Edición conmemorativa del Centenario de la Biblioteca Profr. Miguel Salinas 1986|
Melgarejo Antonio D.||Los crímenes del zapatismo|México|F.P. Rojas y Cia|1613|168|6.5x9 pulg|Historia de Morelos||Único||Antonio Enriquez|Zapatismo, Pablo torres burgo, Ayala, rebelión, tropelías, tepepa, tlaquiltenango, revolución, escandon, jojutla, yautepec, jonacatepec, cuautla, madero, genovevo, ticumán, amador zalazar|Origen del zapatismo.Las memorias de un guerrillero tienen el mérito de la depuración de la verdad. El señor Melgarejo ha rectificado las alteraciones de la prensa y corregido sus deficiencias y mutilaciones|
Melgarejo Antonio D.||Los crímenes del zapatismo|México|F.P. Rojas y Cia|1913|168|6.5x9 pulg|Historia de Morelos||Único||Antonio Enriquez|Zapatismo, Pablo torres burgo, Ayala, rebelión, tropelías, tepepa, tlaquiltenango, revolución, escandon, jojutla, yautepec, jonacatepec, cuautla, madero, genovevo, ticumán, amador zalazar|Origen del zapatismo.Las memorias de un guerrillero tienen el mérito de la depuración de la verdad. El señor Melgarejo ha rectificado las alteraciones de la prensa y corregido sus deficiencias y mutilaciones|
Minos D. Agapito Mateo||Apuntaciones Históricas de Xoxutla a Tlaquiltenango|México||2007|190|8.5x6.5 pulg|Historia de Morelos||Único|Cocinando Letras|Pimpo|Jojutla, Tlaquiltenango, Nahualco, Zacatepec, presbítero, onomástico, señor de Tula, Panchimalco, Tequesquitengo, Tlatenchi, Tetecalita|En 1987 el arquitecto Raúl Melendez Betancourt (expresidente municipal de jojutla y con apoyo del gobierno del estado, el Patronato de la Feria de Jojutla publicó una edición facsimilar|
Monterde Francisco||El temor de Hernán Cortés|México||1943|338|6x8 pulg|Historia de Morelos|Primera|||Imprenta Universitaria|Temor, Hernán, Cortés, platero, tertulia, España, indígena, corpus, hazaña, convento, forastero|El temor de Hernán Cortés digno de ser tildado libro literario.|
Plancarte y Navarrete Francisco||Apuntes para la geografía del Estado de Morelos|Tepoztlán||1909|106|5.5x8 pulg|Historia de Morelos||||Imprenta de José Donaciano Rojas|Geografía, historia, división, territorial, política, diocesis, eclesiastica, límites, |Posición geográfica, dimensiones, limites y aspecto físico del Estado de Morelos.|
Plancarte y Navarrete Francisco||Apuntes para la geografía del Estado de Morelos|Cuernavaca||1914|110|5.5x8 pulg|Historia de Morelos|Segunda|||Imprenta de José Donaciano Rojas|Geografía, historia, división, territorial, política, diocesis, eclesiastica, límites, historia, población, industria, comercio, hacienda, poblaciones |Posición geográfica, dimensiones, limites y aspecto físico del Estado de Morelos.|
Plancarte y Navarrrete Francisco||Tamoanchan |México|El escritorio|1934|193|7x9 pulg|Historia de Morelos|||||Hallazgos, arqueológicos, tradición, peregrinación, Tamoanchan, confederación, nauas, tula, metzcas, tultecas, chalmecas, nonoalcas, otomíes, zapotecos, mixtecos, ulmecas, xicalancas, kukulcán, mixcóatl, huèmac, zamná, huastecos, totonacos, michuaques, matlaltzincas|El Estado de Morelos y el principio de la civilización en México|
Popoca y Palacios Lamberto||Historia del bandalismo en el Estado de Morelos |Puebla||1912|99|6.5x8.5 pulg|Historia de Morelos|||||Plateados, bandidos, zapatistas, Salome, sátiros, guerra, charros, catrines, Mapaxtlán, raptor, luigi, vampa, plagiado, comercio, Francia, soldados, emboscadas, adulterio, coronel, Rafael, jefes |"Obra interesante, de actualidad; escrita con datos verídicos de un testigo ocular de muchos de aquellos episodios; superviviente de aquella época, quien conoció personalmente á todos los famosos jefes de ""Los plateados"", y que fue uno de sus perseguidores."|
R. Gómez Marte||Las Comisiones Agrarias del Sur|México |Librería de Manuel Porrua, S.A.|1961|198|Oficio |Historia de Morelos||Único||España|Agraria, agricultura, agronomos, códice, revolución,  ||
Reyes Avilés Carlos||Cartones Zapatistas|México||1928|68|5.5x8.5 pulg|Historia de Morelos|||||Zapatismo, Pablo torres burgos, Emiliano Zapata, Felipe Neri, Amador Salazar, Marciano Silva, Plan de  Ayala, caudillo, obregonista, revolución|Homenaje nacional a los principales hombres del zapatismo|
Reyes Valerio Constantino||Tepalcingo|México|Jorge Gurría Lacroix|1960|107|6.5x9 pulg|Historia de Morelos||||Talleres de Edimex, S. de R.L.|Historia, iconografía, imafronte, santuario, templo, arte, cristiano, calvario|Tepalcingo poblado que data de la época prehispánica y en el cual se habla el Nahuatl y Otomí.|
Rios V. Modesto||El presente y el pasado de Jonacatepec|México||1907|54|6.5x9 pulg|Historia de Morelos|||||Jonacatepec, población, progreso, sucesos, milicia, agricultura, medicina, ingenieria, jurisprudencia, comercial, profesional|Bosquejo histórico-biográfico de Jonacatepec|
Robelo A. Cecilio||El santuario de chalma|Cuernavaca ||1910||7.5x5.5 pulg|Historia de Morelos|||||Santuario, Chalma, chalcas|Entre los innumerables lugares de expiación ó de penitencia creados por los misioneros que vinieron al Anahuac á raíz de la conquista, uno de los más concurridos hasta estos días por los indios es el conocido con el nombre de Santuario de Chalma|
Robelo Cecilio A.||Diccionario de aztequismos o sea jardín de las raíces aztecas|México|Ediciones Fuente Cultural||548|6x8.5 pulg|Historia de Morelos|Tercera|||Librería Navarro|Aztequismos, nahuatl, coacalco, nombres geograficos, guajilote|Palabras del idioma nahuatl, azteca o mexicano, introducidas al idioma castellano bajo diversas formas |
Robelo Cecilio A.|Le Baron Eugenio|Ruinas de Xochicalco|Cuernavaca|José D. Rojas|1902|27|6x8 pulg|Historia de Morelos|Segunda||||Xochicalco, ruinas, atrincheramiento, cerro, pirámide, amates, gruta, respiradero, escalinata, hacienda|Atrincheramiento militar de Xochicalco|
Robelo Cecilio A. / Cañas Eugenio J. / Franco Guadalupe||Las cavernas de Cacahuamilpa|Cuernavaca|Cuauhnahuac|1907|46|5.5x7.5 pulg|Historia de Morelos|||||Grutas, cacahuamilpa, templo, teocalli, indios, conquista, plantas, pueblo, llano, michapa, panteón|Los antiguos mexicanos conocieron la Gruta de Cacahuamilpa a caso la tenían consagrada como un gran templo á alguna divinidad|
Robles U. Humberto||Breve Historia de Tepoztlán, Mor.|México||1982|106|6.5x9 pulg|Historia de Morelos|Segunda||||Población, precolombina, tepozteco, colonial, independiente, revolucionaria, contemporánea, personajes, toponimias|Tepoztlán lugar junto al cobre, donde abundan las piedras quebradas|
Robredo Jose||Romance de Cuernavaca|México|Consejo Nacional de Empresarios de la Industria Textil |1947|22|5.5x7.5 pulg|Historia de Morelos|||||Romance, Cuernavaca, Cuauhnáhuac, tlahuicas, |Poema Romance de Cuernavaca|
Romero de Terreros M.||Atlatlauhcan|México|Instituto Nacional de Antropología e Historia|1956|54|6.5x9 pulg|Historia de Morelos|Segunda|||Talleres de Edimex, S. de R.L.|Atlatlauhcan, iglesia, capilla, convento, claustro|Atlatlauhcan lugar de barrancas |
Romero de Terreros Manuel ||Los jardínes de la Nueva España de 1945|México|Antigua Librería Robredo de José Porrua e hijos|1945|25|7x9.5 pulg|Historia de Morelos|Segunda||||Huertas, paríso, flores, convento, Borda|De las huertas y jardínes monásticos, alcanzaron el mayor renombre los del Convento de Carmen, en San Angel.|
Ruiz de Velasco Angel||Estudios sobre el cultivo de la caña de azúcar, Pluviometría del Estado de Morelos, Drenaje, Abonos propios para dicho cultivo, meteorología y física agrícolas|Cuernavaca, Morelos||1894|247|9.5x5 pulg|Historia de Morelos||Único||Imprenta del Gobierno del Estado|Cultivo, caña, azúcar, pluviometría, drenaje, abonos, cultivo, meteorología, física, agrícolas, botánicos, climas, labranza, barbechos, surcos, siembra, zafra, siega, cañaverales, soca, resoca, larvas, insectos, sacarina, zacatepec,  |Estudios de Felipe Ruiz de Velasco, ingeniero agrónomo de la Escuela de Agricultura de Gembloux, Belgica.|
Ruiz de Velasco Felipe||Historia y Evoluciones del Cultivo de la Caña y de la industria azucarera en México hasta el año de 1910 por el Ing. Felipe Ruiz de Velasco |México|Cvltvra|1937|546|7.5x11 pulg|Historia de Morelos||Único|||Azucar, cultivo, caña, azucarera, botanicas, agrícolas, climatéricas, aguas, abanamientos, Puente de Ixtla, Amacuzac, Tlaltenango, Abonos, Cañavereros, Campos, Fertilidad, Surcada, Riegos, Mieles, Alcoholes, Patología, Riego, Enfermedades, Industria, Terrenos, Lluvias, Drenaje, Puebla, Caldera, Herramienta, Zacatepec, Exportaciones, Mascabado |Este trabajo se publica bajo los auspicios de la Compañía AZUCAR, S.A., quien desea hacer publicos, con fines de beneficio general, los conocimientos y datos adquiridos en el cultivo e industrialización de la caña de azucar en México|
Ruíz de Velasco Felipe||Bosques y manantiales del Estado de Morelos y apéndice sintético sobre su potencialidad agrícola e industrial |México||1925|163|6.5x8.5 pulg|Historia de Morelos||44|Memorias de la sociedad alzate|Talleres gráficos de la Nación |Bosques, manantiales, Morelos, agrícola, industrial, forestas, arbóreas, ríos, climas, montes, reservas, regadios, |Importancia de las forestas morelenses y amenaza de la desaparición de los manantiales, clima de los seis distritos, bosquejo geológico, cultivos, algodón, arboles, maquinaria, conservación de los bosques.|
S. Rojas R.||Elementos de Geografía e Historia del Estado de Morelos|México|José D. Rojas|1931|92|5.5x8 pulg|Historia de Morelos||||Imprenta de Jóse Rojas|Geografía, dimensiones, límites, altitud, orografía, minerales, hidrografía, manantiales, aguas, rios, lagunas, vegetales, plantas, arboles, forrajeras, animales, clima, teocalis, razas, idiomas, religión, arte, agrícultura, ganadería, historia, industria, comercio, comunicaciones, carreteras, telegráfos, teléfonos, correos, gobierno, poder, juzgados, tamoanchan, municipios, hacienda, seguridad, beneficiencia, educación|Riquezas que posee el Estado de Morelos en las ramas de la geografía y de la historia.|
Salazar Salinas L.||A la caverna de Cacahuamilpa en automóvil |México|Instituto Geológico de México|1922|17|6.5x9 pulg|Historia de Morelos||||Talleres linotipográficos de El hogar|Cavernas, lava, basáltica, basalto, geológica, montañosa, cavidad|En terrenos del Distrito de Alarcón del Estado de Guerrero, muy cerca de la línea divisoria con Morelos y México, se encuentra la Caverna de Cacahuamilpa, recientemente ligada a la capital de la República por un camino para automóviles que hace fácil el acceso a ese pintoresco sitio y que tiene un desarrollo de 135 kilometros.|
Salinas León||Sistema de distribución de aguas de la Ciudad de Cuernavaca|Cuernavaca, Morelos||1914|16|6.5x4 pulg|Historia de Morelos||Único|||Sistema, distribucíon, aguas, presupuesto, concesiones, obras|Consideraciones generales sobre la conveniencia de llavar a cabo una mejora en el Sistema de distribucón de aguas en vista de las graves deficiencias en materia de salubridad y distribución de la ciudad de Cuernavaca|
Salinas Miguel||Historias y paisajes morelenses|México|Ernestina Salinas|1981|502|6.5x9 pulg|Historia de Morelos|Segunda|||Aldina, Rosell y Sordo Noriega, S. de R.L. |Cuernavaca, ingenio, teatro, amanalco, trapiche, borda, emperadores, Maximiliano, Carlota, cazahuate, bacanales, marquesado, tlaltenango|Obra escrita sobre Morelos como homenaje de las bellezas naturales.|
Santamaria Francisco J.||La tragedia de Cuernavaca en 1927 y mi escapatoria celebre |Mejico||1939|170|4.5x7 pulg|Historia de Morelos|||||Célebre, suceso, serranista, Cuernavaca, trágica, Moctezuma, caravana, callista, general, Mejico, militares, Obregón, Calles, Villareal, hotel, Moctezuma, Excélsior, mártires|Ese libro se compuso de doas partes: la una, puramente narrativa, novelesca, llena de pasajes festivos y jocosos, la de mi escapatoria de la fusilata. Parece que en el fondo de toda tragedia palpita siempre un principio de comedia o de ópera bufa. Lo trágico y lo ridículo, si no andan de bracete, están muy avecindados uno respecto del otro, generalmente.La otra parte, puramente histórica: la revelación interesante de uno de los capítulos más oscuros de la historia política nacional en los últimos tres lustros.|
Tirlau Andrés||Morelos histórico y romántico|México||1956|214|6.5x9 pulg|Historia de Morelos|Tercera|||Talleres A. del Bosque Impresor|Estado, Morelos, ferias, festividades, habitantes, municipio, hoteles, rutas, caminos, agrícola, industria, azúcar, haciendas, arroz, gobernadores, arqueológicas, jardines|"El Estado de Morelos, ayer el tan discutido Tamoanchán, ""Tierra del paraíso"" envuelto en la historia y en la leyenda. Edición de lujo."|
Tirlau Andrés||Trotando por tierras morelenses|México|Editorial Hidalgo|1943|192|6.5x9.5 pulg|Historia de Morelos|||||Epoca, prehispánica, división, Hernán, Pavón, Zapata, ejército, libertador, municipalidades, arqueología, arquitectura, tamoanchán, caza, pesca, grutas, cacahuamilpa, riqueza, haciendas, azucareras, Revolución, cultivo, industria, población, hoteles, rutas, ferias, carnaval, gobierno|Esta guía señala el camino a seguir, en el Estado de Morelos, para conocer sus ciudades, sus pueblos, sus costumbres y parte de su historia, aunando esta a los parajes que en esta Entidad, son poseedores de bellezas naturales, incomparables por su magnitud emotiva. |
Huerta Torres Rafael||Tierra tropical Homenaje a Jojutla, Morelos|||1948|139|5.5x7.5 pulg|Historia de Morelos|||||Jojutla, tropical, arrozal, cañaveral, milpa, catedral|Poemas de Rafael Huerta Torres homenaje a jojutla, Mor.|
Urban Aguirre José||Geografía e historia del Estado de Morelos|Cuernavaca|José Urbán Aguirre|1963|290|6.5x8.5 pulg|Historia de Morelos|Segunda|||Imprenta Ruiz|Geográfica, limites, prehispánica, tamoanchan, tlahuicas, conquista, colonial, independencia, capital, reforma, imperio, erección, institucional, Revolución, agraria, gobiernos, campesino |El contenido de este libro representa el esfuerzo de varios años de investigación, recopilando datos relacionados con la vida política, económica y social de esta hermosa región de México que en la más remota antigüedad llevó el nombre de Tamoanchán, más tarde el de Tlalnáhuac y actualmente el de Morelos, en honor a uno de los más notables héroes de nuestra Independencia Nacional|
Urban Aguirre José ||Historia del Estado de Morelos|Cuernavaca, Mor.||1960|206|7x8.5 pulg|Historia de Morelos|Primera|||Imp. Ruiz|Geográfica, limites, epoca, prehispanica, tamoanchan, tlahuicas, conquista, independencia, capital, reforma, imperio, erección, estado, revolución, gobiernos, campesino|El autor narra en forma sencilla lo que el lector debe conocer sobre la vida del Estado de Morelos, principalmente a partir del 17 de abril de 1869 en que esta entidad nació a la vida política, económica, y social, como parte integrante de la República Mexicana.|
Valverde Sergio||Apuntes de Historia de la Revolución y de la política en el Estado de Morelos|México||1933|448|6x8.5 pulg|Historia de Morelos|||||Revolución, Morelos, política, efemérides, Zapata, carrancistas, bonillista, gobernador, agrarismo, cajigalismo, crímenes, constitución|Apuntes para la historia de la Revolución y de la política en el Estado de Morelos, desde la muerte del gobernador Alarcón, pronunciamiento de los grales Pablo Torres Burgos y Emiliano Zapata martires, hasta la restauración de la reacción por Vicente Estrada Cajigal |
Vazquez Santa Ana Higinio||Cuernavaca|México||1932|143|5.5x8 pulg|Historia de Morelos||||Talleres linotipográficos de la penitenciaria del Distrito Federal|Cuernavaca, fisionomía, catedral, palacio, borda, jardines, barrios, fiesta, grutas, gobernadores|Monografia de Cuernavaca|
Velasco Alfonso Luis||Geografía y estadística de la República Mexicana|México|Lorenzo García León|1895|140|6x9 pulg|Historia de Morelos|Tercera|||Tipografía T. González Sucesores|Estado, Morelos, geográfica, límites, población, orográfica, clima, habitantes, religión, idiomas, industria, comercio, comunicación, milicia, hacienda|Este pequeño y rico Estado, situado al sur del distrito federal, formó hasta 1868 el Tercer Distrito Militar del Estado de México, época en que sus habitantes solicitaron del Congreso de la Unión, con sobrada justicia, que su territorio fuese erigido en el Estado de la Federación, y así lo decretó el Supremo Poder Legislativo de la República Mexicana, en 16 de abril de 1869.|
Villafaña, M.S.A. Andres||Reseña para los excursionistas a la gruta de cacahuamilpa por el ingeniero de Minas |México||1922||6.5x8.5 pulg|Historia de Morelos||||Imprenta de la Secretaría de Gobernación|Gruta, Cacahuamilpa, geográfica, vías, comunicación, geología|La gruta de cacahuamilpa está situada en la barranca de Limotitla y bajo el cerro de La Corona, en jurisdicción de la municipalidad de tetipac, Distrito de Alarcón del Estado de Guerrero|
Villamil Tapia Enrique||Tepoztán en la Historia y Leyendas|Tepoztlán, Morelos||1963|26|5.5x7.5 pulg|Historia de Morelos||||Rojas|Tepoztlán, tepozteco, cerro, aguilas, leyendas, tepoztecas, |Historia y leyendas de Tepoztlán|
||Monografía del Estado de Morelos|México|Talleres de la Oficina de Publicaciones y propaganda|1934|70|9.5x7.5 pulg|Historia de Morelos||Único|||Morelos, geografía, meteorología, hidrología, agricultura, estadística, ruinas arqueológicas, Tepoztlan, Teopanzolco, Xochicalco, monumentos, población, censos, Cuautla, Jojutla, propiedad, salubridad, educación, pública, estado|Secretaria de agricultura y fomento, Dirección de población rural, terrenos nacionales y colonización, Instituto de Estudios Sociales |
||Constitución política del Estado Libre y Soberano de Morelos que reforma la del año de 1888|México||1930|36|6.5x4.5 pulg|Historia de Morelos||||Galas|Constitución, politica, soberania, independencia, territorio, gobierno, estado, Morelos, artículo, Estrada, capitulo, titulo, congreso, poder, ejecutivo, gobernador, judicial, secretaria, tribunal, hacienda, justicia, publica, administración, municipios, funcionarios, sufragio, |"Alcance al número de ""Morelos Nuevo"", Periódico Oficial del Estado de Morelos, correspondiente al 16 de noviembre de 1930 "|
||Reglamento de fraccionamientos urbanos en el  Estado|Cuernavaca, Morelos||1933|7|5.5x7.5 pulg|Historia de Morelos||||Impresiones Morelenses|Reglamento, Estado, Morelos, fraccionamientos, periodico, urbanos, gobernador, estrada, fraccion, transitorio|Estado libre y soberano de Morelos, alcance al periodico oficial numero 535 de fecha 26 de noviembre de 1933|
|Villamil Tapia Enrique|Altepeilhuitl Fiesta del pueblo||||20|5.5x7.5 pulg|Historia de Morelos|||||Fiesta, pueblo, leyendas, costumbres, tepoztécatl, carnaval, tepoztlán, chinelo, traje, tepozteco, nahuatl, bailes, brinco, barrios, comparsas, máscaras|"Existe la tradición de que la fiesta del carnaval que trajeron los españoles, se asimiló fácil y rápidamente con las tradicionales danzas de los indios cuyos bailarines aztecas y tlahuicas, con los que celebraban las grandes solemnidades de sus ritos paganos, que denominaban ""Los Axcatzitzintin"", que en castellano quiere decir ""brincar de gusto"". En cuyo baile se especializaron ciertos bailarines llamados chinelos."|
||Reglamento Autonomo de policia y buen gobierno |Jojutla de Juárez, Edo. de Morelos|H. Ayuntamiento de Jojutla de Juárez|1964|33|5.5x7.5 pulg|Historia de Morelos||||Ocampo|Territorial, autoridades, municipales, registro, civil, gobernación, policía, seguridad, pública, hacienda, educación, salubridad, rastro, obras, comercio, espectáculos, aguas, potables, jojutla, reglamento, |Reglamento autonomo de policia y buen gobierno de Jojutla de Juárez|
||Tepoztlán|||||||||||||
||Segundo informe de la gestión gubernativa del C. Lic. Jesús Castillo López, Gobernador Constitucional del Estado de Morelos 1943-1944|Morelos||1944|117|6x9 pulg|Historia de Morelos|||||Gobernación, legislativa, hacienda, agrícultura, alcoholes, economía, obras, públicas, comunicaciones, educación, asistencia, salubridad, comisión, cociliación, arbitraje, ministerio, policía, penitenciaria, seguridad, defensoría, tránsito, tribunal, justicia, industrias, molinos, ingenios |Informe correspondiente a los trabajos realizados en el segundo año de nuestra gestión gubernativa 1943-1944|
||Reglamento de transito del Estado de Morelos|Morelos||1964|76|6x4 pulg|Historia de Morelos|||||Ley, tránsito, transportes, Morelos, reglamento, servicio, público, edictos, tarifa, multas, automoviles, señales|Ley de tránsito y de los transportes en el Estado de Morelos|
||Francisco Modesto de Olaguibel|Toluca|FONAPAS||53|4x5.5 pulg|Historia de Morelos|||Nezahualcoyotl||Biografías, personajes, histórico, conservadores, constitución, gobernador|Biografías de grandes personajes|
||Ley de Hacienda Municipal|Cuernavaca|Gobierno del Estado Libre y Soberano de Morelos|1936|28|6x8 pulg|Historia de Morelos||||La comerial|Impuestos, derechos, productos, participaciones, aprovechamientos, disposiciones, recaudación, comercio, ambulante, diversiones, espectaculos, urbanización, aguas, drenajes, mercados, plazas, registro, comercial, industrial, infracciones |Ley de hacienda municipal|
||Ley organica de los tribunales del Estado de Morelos|Cuernavaca|L.G. Miranda|1881|27|5.5x8 pulg|Historia de Morelos||||Imprenta del Gobierno del Estado|Ley, tribunales, jueces, decreto, instancia, justicia, ministerio, funcionarios, judicial, orden, alcaides, transitorios|Ley orgánica de los tribunales del Estado de Morelos|
||1870 Constitución politica del Estado libre y soberano de Morelos|Cuernavaca|L.G. Miranda|1876|55|6x9 pulg|Historia de Morelos||||Imprenta del Gobierno  |Constitución, politíca, derechos, obligaciones, poderes, públicos, legislativo, congreso, facultades, diputación, gobernador, jueces, instancia, funcionarios, reformas, hacienda, pública|1870 Constitución politica del Estado libre y soberano de Morelos|
||1812-1967 Las calles de Cuautla|Cuautla||1967|15|5.5x7.5 pulg|Historia de Morelos|||||Cuautla, heróica, sitio, calle, callejón, plaza, localización, plano|Según datos de Felipe Benicio Montero, testigo presencial de la gesta heroica del Sitio de Cuautla.|
||Bando de policia y buen gobierno del H. Ayuntamiento de Jojutla de Juárez, Estado de Morelos|México||1957|43|5.5x8 pulg|Historia de Morelos||||Ocampo|Policía, Jojutla, gobierno, división, autoridades, gobernación, seguridad, hacienda, educación, salubridad, rastro, obras, comercio, espectáculos, aguas, transitorios|El municipio de Jojutla de Juárez del Estado de Morelos, está constituido por la cabecera del mismo nombre, la que se haya dividida en 43 manzanas.|
||Ideas generales sobre el cultivo de la caña de azúcar en el Estado de Morelos |México||1885|34|6x9 pulg|Historia de Morelos||||Oficina Tip. De la Secretaría de fomento|Cultivo, caña, azúcar, fincas, ingenios, haciendas, campo, surco, barbechos|Cuernavaca, yautepec, morelos, tetecala y jonacatepec son los cinco distritos que forman este estado y en todos ellos se cultiva la caña de azúcar, en las temperaturas templada y caliente.|
||Tepoztlán lugar donde abunda el cobre|Tepoztlán||1986||6.5x9 pulg|Historia de Morelos||||Oficina Tip. De la Secretaría de fomento|Tepoztlán, cobre, geografíca, política, pobladores, organización, social, económica, revolucionario, independencia, tradiciones, festividades, danzas, leyendas, matrimonios, religión, idioma, tepoztecatl |Monografía del Municipio de Tepoztlán Morelos, proyecto especial de educación para el desarrollo de poblaciones que habitan en áreas rurales y urbanas marginadas  |
||La Secretaría de agrícultura y fomento y el contrato para refaccionar a los agricultores del Estado de Morelos restableciendo la industria azucarera|México||1925|13|6.5x9 pulg|Historia de Morelos||||Imprenta de la Dirección de estudios geográficos y climatológicos |Agricultura, industria, azucarera, ingenios, cooperativa, fomento|Para que los campesinos y el pueblo todo del Estado de Morelos, puedan conocer ampliamente las condiciones y fundamentos de la autorización dada para refaccionar a los agricultores del mismo Estado y restablecer la industria azucarera|
||Dos escritos dirigidos a las autoridades por los hacendados de Morelos|México||1921|52|6.5x9 pulg|Historia de Morelos||||Antigua imprenta de Murgia|Hacendados, rayas, agricultura, fomento, cultivo, azúcar|El 28 de septiembre de 1920 dirigieron los señores hacendados del Estado de Morelos, al señor secretario de agricultura y fomento, el primer escrito de este folleto.|
||Carta pastoral del Ilmo. Señor Arzobispo de México con motivo de la coronación de nuestra Madre Santisíma de Guadalupe|México||1895|66|5.5x8 pulg|Historia de Morelos||||Imp. Del Sagrado Corazón de Jesús|Carta, pastoral, obispo, colocación, coronación, virgen, guadalupe, consagración, celestial, santísima, cardenal, santo, edicto, iglesia, santa, catedral, diócesi, apostólica, curas, vicarios, eclesiásticos |Carta pastoral del Ilmo. Señor Arzobispo de México con motivo de la coronación de nuestra Madre Santisíma de Guadalupe|
||Informe del C. Coronel Elpidio Perdomo Gobernador constitucional del Estado de Morelos|Cuernavaca||1941||6.5x8.5 pulg|Historia de Morelos|||||Hacienda, agricultura, cultivo, reforestación, ganadería, aguas, potable, economía, industrialización, caminos, obras, educación, asistencia, seguridad, poder, gobernación|Informe del C. Coronel Elpidio Perdomo Gobernador constitucional del Estado de Morelos|
||Estudios historico-economico-fiscales sobre los Estados de la Republica II Morelos|México||1939|117|6x9 pulg|Historia de Morelos||||Talleres de impresión de estampillas y valores de la Sria. De Hda.|Ubicación, climatoligía, agricultura, industria, mineria, comercio, hacienda, etimología, historia, división, superficie, ganadería, turismo, credito, carreteras|Publicación monográfica del Estado de Morelos |
||Codigo de procedimientos civiles del Estado de Morelos|Cuernavaca||1890|354|5.5x8 pulg|Historia de Morelos||||Imprenta del Gobierno del Estado|Decreto, legislatura, litigantes, judiciales, resoluciones, notificaciones, terminos, desepacho, tribunales, impedimentos, recusaciones, excusas, juicio, confesión, pericial, pruebas, sentencia, revocación, apelación, remates, demanda|Codigo de procedimientos civiles del Estado de Morelos|
||Corona Fúnebre dedicada a la memoria del señor general de división Carlos Pacheco por el Gobernador constitucional del Estado de Morelos General Jesús H. Preciado|Cuernavaca|L.G. Miranda|1891|137|6x8 pulg|Historia de Morelos||||Imprenta del Gobierno de Morelos|Memoria, general, funebre, combate, discurso, carta|Memoria al General de división D.Carlos Pacheco|
||Hotel casino de la selva |Cuernavaca||1975|80|4.5x6.5 pulg|Historia de Morelos|Volumen XXVI||||Hotel, casino, selva, Cuernavaca, museos, galerias, ciencia, arte, artesanías, historia|Cuernavaca florido vergel de perenne primavera, ha sido y seguirá siendo a pesar de los vaivenes del turismo, el paraíso veraniego de los diez millones de habitantes de la gran metrópoli mexicana.|
||Constitucion politica del Estado Libre y Soberano de Morelos de 20 de noviembre de 1930.|Cuernavaca|René Sánchez Beltrán|1930|60|8.5x11 pulg|Historia de Morelos|||||Erección, congreso, Constitución, soberanía, Independencia, garantías, poderes, leyes, hacienda, tribunal, municipios, funcionarios, reformas|Es en la ciudad de Yautepec, en donde se instala la I Legislatura Constitucional erigida en constituyente; la que aprueba la primera Constitución Política, que se promulga el 20 de julio, publicándose el 28 de julio de 1870.|
||Anuario 1949-1950|Cuernavaca|Instituto de la educación superior del Estado de Morelos|1948|30|6.5x9 pulg|Historia de Morelos||||Agustín Pardo|Reseña, organización, personalidad, consejo, estructura, reglamentos, responsabilidades, sanciones, planes, materias, carrera, asignaturas, profesorado, calendario, examenes|El Estado de Morelos, por ser uno de los más jovenes en la confederación, surge a la vida de la cultura superior en el año de 1872 con la fundación del Instituto Científico y Literario del Estado fundado por el entonces Gobernador Gral. Francisco Leyva y teniendo como primer director al Sr. Lic. Dn. Refugio de la Vega.|
||Gobierno del Estado Libre y Soberano de Morelos |Jojutla de Juarez||1933|56|6x8.5 pulg|Historia de Morelos|||||Régimen, municipio, sindico, regidor, ayuntamiento, informe, libertad|Se imprimió este folleto para que llegue a las manos del campesino; para que exiga y reclame como ciudadano, como lector, como soberano el cumplimiento exacto, leal y honrado de todas las promesas.|
||Directorio Nacional de la Republica Mexicana Primera Sección Estado de Morelos|México|Expedición Nacional Mexico- Argentina||76|15x11.5 pulg|Historia de Morelos||||A. Mijares y Hno.|Gran Hotel La Selva, Breve historia del Estado de Morelos, Catedral de Cuernavaca, guia turistica del Estado de Morelos, piramide de teopanzolco, jardín borda,  piramide de teopanzolco, directorio general, industrial, comercial y profesionista de la Ciudad de Cuernavaca, ayuntamiento de Cuautla, agua hedionda, ayuntamiento de Yautepec, ayuntamiento de Jojutla|La Expedición Nacional México-Argentina, (para fomento de intercambio latino-americano), deseosa de servir al público de la Nación y hacer de la misma una perfecta y organizada propaganda, tiene el honor de dedicar el primer número del Directorio Nacional de la Republica Mexicana, al bello y progresista Estado de Morelos, haciendo patente demostración de agradecimiento por la cooperación de todas las Fuerzas vivas del Estado, en la construcción de la presente obra. |
||Constitucion Federal de los Estados-Unidos Mexicanos Sancionada y jurada por el Congreso Federal Constituyente el día 5 de febrero de 1857 y colección de las constituciones de los Estados que forman la confederación. |Toluca|Pedro Martinez|1870|657|5.5x8 pulg|Historia de Morelos|||||Manifiesto, Idem del Estado de Aguascalientes, Campeche, Coahuila de Zaragoza, Durango, Guanajuato, Hidalgo, Estado de México, Michoacan, Oaxaca, Puebla, Querétaro, San Luis Potosí, Sinaloa, Sonora, Tabasco, Tlaxcala, Tamaulipas, Veracruz, Yucatán, Zacatecas, Leyes, ereccion, constitucional, Constitución del Estado de Chiapas, Chihuahua, Colima, Guerrero, Jalisco, Morelos, Nuevo León.|La gran promesa del Plan de Ayutla está cumplida. Los Estados-Unidos Mexicanos vuelven al órden constitucional. El Congreso ha sancionado la Constitución mas democrática que ha tenido la República, ha proclamado los derechos del hombre, ha trabajado por la libertad, ha sido fiel al espíritu de su época, a las inspiraciones radiantes del cristianismo, á la Revolución política y social á que debió su origen, ha edificado sobre el dogma de la soberanía del pueblo, y no para  arrebatarsela, sino para dejar al pueblo el ejercicio pleno de su soberanía.|
||Adelante Cultura No.217|Jojutla||1960|4||Historia de Morelos|||||Raul Iragorri, Jojutla, Puente de Ixtla, notas, balneario, hotel, cine, club, deportivo, peluqueria|Por primera vez en Jojutla, se desarrolloun acto político tan democrático en el que el sector popular, manifesto su organización y fuerza. |
||Adelante Cultura No.220|Jojutla||1960|4||Historia de Morelos|||||Zacatepec, orquesta, cine, hotel, tequesquitengo, acta, constitutiva, club, deportivo, jojutla|Digo en esta ocasión, honor a quien honor merece, voy que voy a hablar de un conjunto musical que ha puesto todo su empreño en poner en alto el nombre de Jojutla y el estado: De la orquesta mas popular y bullanguera de esta ciudad ¡LA CONTINENTAL! |
||El Avance de Morelos|Cuernavaca||1966|4||Historia de Morelos|||||Cuernavaca, campesinos, comerciantes, federación, estado, ingenio, Emiliano Zapata, Cuautla, lienzo charro, ayuntamiento, Ixtla, Jojutla|"A insistente propuesta del Gobernador del Estado, licenciado Emilio Riva Palacio la Secretaría de Obras Públicas, previa aprobación presidencial procederá a la urgente construcción de la terminal camionera en terrenos aledaños al Centro Comercial ""Adolfo López Mateos"""|
||El Estado  |Cuernavaca||1966|4||Historia de Morelos|||||Presidente, monopolio, periodistas, Gobernador, Estado, arroz, industria, pesquera, derecho, expresión, Zacatepec, editorial|"A principios del mes de agosto corrio el rumor de forma por demás insistente, de que el Ingenio ""Emiliano Zapata"" de Zacatepec, seria totalmente desmantelado por instrucciones del C. Presidente de la República, siendo trasladado a otro Estado.  "|
||El grano de arena No. 2|Tepoztlán||1896|4||Historia de Morelos|||||Semanario, católico, educación, tepozteco, ferrocarril, monumento, conmemorativo|La educación católica, por el contrario, nutre con alimentos sanos: forma imitadores fieles de las virtudes de verdaderos grandes hombres, poniendo en sus manos, libros en donde se refleja la pureza de las doctrinas del Evangelio.|
||El grano de arena No. 5|Tepoztlán||1896|4||Historia de Morelos|||||Semanario, católico, música, fé, pensamientos, religiosos, anticatólicos, |"Fé: única herencia que nos hace las penas de la vida llevaderas ""Dichosa confianza, con razón exclama Nicolas Augusto, dichosa fé que es fundamento de la razón del hombre, sin la cual nunca saldría de las tinieblas naturales de la ignorancia"""|
||El grano de arena No. 8|Tepoztlán||1896|4||Historia de Morelos|||||Semanario, católico, ilustración, traducción, Nezahualcoyotl, ferrocarril, flores, recetas, voltaire|El catolicismo, desde su fundación ha encontrado siempre monstruos abominables que traen la pérfida misión de socavar sus cimientos, proporcionando de esta manera á las generaciones, los más espantosos desastres.|
||El grano de arena No. 9|Tepoztlán||1896|4||Historia de Morelos|||||Semanario, católico, Napoleón, lutero, jesuitas, sacerdote, adverbios, tepozteco|Concedamos al defensor de Lutero que los árboles de la Reforma reverdecieron y se multiplicarón hasta el escándalo en Alemania, Suiza, Inglaterra y Holanda, y que sus vástagos han formado en América un oscurísimo bosque.|
||El grano de arena No. 10|Tepoztlán||1896|4||Historia de Morelos|||||Semanario, católico, Napoleón, naturaleza, razón, Herodes, Judas, adverbios, voltaire|Judas Iscariote.-Apóstol de Jesucristo. El más abominable de los perseguidores y enemigos de la Iglesia.  |
||El grano de arena No. 11|Tepoztlán||1896|4||Historia de Morelos|||||Semanario, católico, Iglesia, triunfo, caifas, poncio, Herodes, masónica, fiestas|Libertad y masonería son términos antitéticos y naturalmente, la libertad masónica es una de las cosas más curiosas del mundo.|
||El grano de arena No. 12|Tepoztlán||1896|4||Historia de Morelos|||||Semanario, católico, Tepeyac, Napoleón, Nerón, Sofenio, Simon, eclesiástico, diocesana, obispado, protesta, Guadalupana, voltaire, malaventuranzas |Nerón, emperador de Roma. Inauguró la era de las persecusiones de la Iglesia y fue el primer emperador que publicó edictos de exterminio contra ella.|
||El grano de arena No. 14|Tepoztlán||1896|4||Historia de Morelos|||||Semanario, católico, Napoleón, crepuscular, testimonio, catolicismo, Barcochebas, jesuitas, capilla, altar, centenario |Barcochebas, falso mesias. Hizose pasar como mesias en tiempo del emperador Adriano; pretendió reedificar á Jerusalen en el año 132.|
||El grano de arena No. 15|Tepoztlán||1896|4||Historia de Morelos|||||Semanario, católico, Napoleón, Angelus, peregrino, fautisismo, voltaire, corpus, obscurantista |Peregrino, Hereje.Desterrado de su país natal por el delito de adulterio y por haber ahogado á su propio padre, se retiró á palestina donde se hizo cristiano para poder engañar á los fieles logrando obtener varios cargos de confianza.  |
||El grano de arena No. 16|Tepoztlán||1896|4||Historia de Morelos|||||Semanario, católico, Napoleón, religión, edicto, predicar, Marco Aurelio, Jesuitas|Marco Aurelio. Emperador de Roma. Extraño es que un emperador tan justo y tan clemente persiguiese con tanta saña a los cristianos|
||El grano de arena No. 17|Tepoztlán||1896|4||Historia de Morelos|||||Semanario, católico, religiosa, fiesta, memorable, Jesuitas, protestantismo, catolisismo, monseñor|Claudio Herminiano, Procónsul de Capadocia. El decreto del Emperador Septimo Severo contra la Iglesia fue una de las más terribles por su duración, y se extendio por todo el imperio, siendo sacrificados un gran número de mártires. |
||El grano de arena No. 18|Tepoztlán||1896|4||Historia de Morelos|||||Semanario, católico, voltaire, catolicismo, ferrocarrileras, Septimio, Severo|Septimio Severo, Emperador de Roma promulgo el año 202 un edicto de persecusión contra los cristianos.|
||El grano de arena No. 19|Tepoztlán||1896|4||Historia de Morelos|||||Semanario, católico, parabolas, toros, profesía, apostolado |El mejor tratado de pedagogía,ó sea de educación de los niños es el Catesismo de la Doctrina Cristiana. |
||El grano de arena No. 20|Tepoztlán||1896|4||Historia de Morelos|||||Semanario, católico, profesia, irreligión, iglesias, catolisismo, barrio, centenario, infierno|El dogma del infierno es la más terrible verdad de nuestra fé. El infierno existe, y nosotros tenemos de ello la misma certeza que de la existencia de Dios y del Sol, pues ninguna verdad ha sido demostrada más claramente como este dogma del que Jesucristo habla en su Evangelio más de quince veces  |
||El grano de arena No. 22|Tepoztlán||1896|4||Historia de Morelos|||||Semanario, católico, toros, iglesias, infierno, santisima, apostolado, milagros, devotos, hogar, pobres|¿Qué es un milagro? Es un acontecimiento que no ha podido ser efecto de ninguna causa natural, que es contrario á las leyes constantes y conocidas de la naturaleza y que lo puede atribuirse sino al autor y dueño de la misma.|
||El grano de arena No. 23|Tepoztlán||1896|4||Historia de Morelos|||||Semanario, católico, monumento,conmemorativo, tepoztlán, Poncio|Hace ya varios días que en uno de los escaparates de la casa Pellandini, se ha estado exhibiendo un precioso modelo en escala reducida, de un monumento que deberá alzarse en el Pueblo de Tepoztlán.|
||El grano de arena No. 24|Tepoztlán||1896|4||Historia de Morelos|||||Semanario, católico, indulgencias, cielo, lutero, asunción |Al elevarse por los aires, la nubes y las esferas celestiales; y se abren las puertas eternas, y la virgen de Juda entra en el cielo del cual es reina.|
||El grano de arena No. 25|Tepoztlán||1896|4||Historia de Morelos|||||Semanario, católico, propagandistas, funesto, Macrino, Aureliano, Tepoztlán |Aureliano Emperador de Roma, a la corrupción de su corazón, publicó contra los cristianos, edictos de muerte y sangre y fue la novena persecusión. |
||El grano de arena No. 26|Tepoztlán||1896|4||Historia de Morelos|||||Semanario, católico, laica, infierno, sacerdote, indulgencias, Tepoztlán |Lejos de proscribir la enseñanza religiosa, hoy la creo mas necesaria que nunca. Cuanto más progresa el hombre, más necesita creer. |
||El grano de arena No. 27|Tepoztlán||1896|4||Historia de Morelos|||||Semanario, católico, historia, Guadalupana, pergaminos, milagro,Tepoztlán |Ahora bien la Santa Sede, no solamente no ha prohibido ni condenado despues de repetidos y profundos estudios, el milagro Guadalupano, sino que en las postrimerias de este siglo de luces, lo ha declarado y lo ha confirmado y lo ha realzado sobre toda ponderación. |
||El grano de arena No. 29|Tepoztlán||1896|4||Historia de Morelos|||||Semanario, católico, edicto, pensamiento, arzobispo, obispo, caridad, parabolas, muerte,Tepoztlán |Que la maravillosa aparición, sin ser dogma de fé, como pudiera interpretarse por la sencilla devoción de algunas almas piadosas es una tradición antigua, constante y universal en la nación mexicana.|
||El grano de arena No. 31|Tepoztlán||1896|4||Historia de Morelos|||||Semanario, católico, funestos, coronación, ferrocarril, incrédulo,Tepoztlán |¡Salve! Prorrumpieron frenéticos con sus múltiples bocas los altos campanarios de los templos cristianos. Llego el momento de la coronación.|
||El grano de arena No. 32|Tepoztlán||1896|4||Historia de Morelos|||||Semanario, católico, funestos, aparición, moralidad, infierno, misericordia,Tepoztlán |En el ajusco, misteriosa sombra forman las ramas de robusta encina. Que espanto pone al indio que camina.|
||El grano de arena No. 33|Tepoztlán||1896|4||Historia de Morelos|||||Semanario, católico, funestos, divinidad, confirmación, refutación, Lacroma, impugna, presbítero,Tepoztlán |El emperador de Austria ha cedido la isla de Lacroma á los carmelitas para que la habiten y construyan en ella una Iglesia y convento. |
||El grano de arena No. 34|Tepoztlán||1896|4||Historia de Morelos|||||Semanario, católico, campanas, divinidad, confirmación, concilio, provincial, Napoleón,Tepoztlán |Hoy tendrá lugar en la santa Iglesia metropolitana, la clausura del concilio provincial mexicano.|
||El grano de arena No. 35|Tepoztlán||1896|4||Historia de Morelos|||||Semanario, católico, divinidad, sotana,  Napoleón, misa, incrédulos, Tepoztlán |Los fundadores de religión ni siquiera tuvieron la menor idea de ese amor místico que, bajo el bello nombre de caridad, es la esencia del cristianismo.|
||El grano de arena No. 36|Tepoztlán||1896|4||Historia de Morelos|||||Semanario, católico, epitafio, concilio, campana, conversión, parabolas, Jefferson, Tepoztlán |Una las calamidades y que mas daño causan, no solo en la religión católica sino también á la sociedad es sin duda instruir a la juventud en las ciencias y artes dejando aparte lo perteneciente á la iglesia y á Dios.|
||El progresista|Jojutla de Juarez||1877|4||Historia de Morelos|||||Elecciones, Carlos Pacheco, Miacatlán, mortuorio, Club, Unionista|Las elecciones son el asunto, del día y es indudable que en esta vez el pueblo no se manifestará indiferente, por que ya no se le burlará obligandolo á aprobar con su silencio lo que nunca podría haber sido el resultado de su angusta voluntad.|
||El renovador|Cuernavaca||1974|8||Historia de Morelos|||||Conferencias, reformas, Cuautla, Jojutla, Rivera Crespo, delegado, tránsito, Zacatepec, federación, sindicato, epigrama, penitenciario|Con una objetividad propia de la política moderna a que nos está acostumbrando el Presidente Luis Echeverria, el licenciado Angel Ventura Valle, Secretario de Promoción Económica, dio una conferencia en la tribuna del Partido Revolucionario Institucional de esta entidad federativa, en la que se plasma con franqueza y sin demagogía, el logro veraz de tres años de gobierno de la administración del Ingeniero Felipe Rivera Crespo. |
||El Sol Suriano al servicio del pueblo en Cuautla No. 46|Cuautla||1968|4||Historia de Morelos|||||Atlatlahucan, banjidal, campecinos, azucareros, Pte. Ixtla, intransigencias|Según convenio firmado, el día 14 del actual en la Secretaría del Trabajo mediante el cual fue renovado el contrato ley de la industria azucarera, alcoholera y similares del país.|
||El Sol Suriano al servicio del pueblo en Cuautla No. 48|Cuautla||1968|4||Historia de Morelos|||||Urbanos, prensa, ceremonia, cine, Plan de Ayala, congreso, magisterial, recetas|El Plan de Ayala fue firmado en el pueblo de Ayoxustla del Estado de Puebla, donde se realizó el Histórico acto que dio bandera política y social a la Revolución Agraria del Sur.|
||El Sol Suriano al servicio del pueblo en Cuautla No. 108|Cuautla||1970|4||Historia de Morelos|||||Tenextepango, fraude, escuela, campesino, Xoxocotla, Jojutla, agrícola, obras, mercado|El ayuntamiento de Jojutla,  salva escollos que retrasan las Obras del Centro Técnico Agrícola |
||El Sol Suriano al servicio del pueblo en Cuautla No. 117|Cuernavaca||1970|6||Historia de Morelos|||||Expropiación, petrolera, Coatetelco, ganaderos, industriales, comerciantes, fisonomía, Xoxocotla, veteranos, revolución, abigeos, Temoac, zocalo|General Lázaro Cárdenas, el hombre a quien mas gente conocía sirvió a México construyendole los cimientos de su independencia económica, esto con la Expropiación petrolera a la mexicana del 18 de marzo de 1938.|
||Morelos|Cuernavaca||1965|10||Historia de Morelos|||||Doctrinarias, Revolución, Mexicana, directiva, sindical, ferrocarrileros, prestaciones, sociales, agrario, Chinameca|El ancestral problema que ha padecido el pueblo mexicano es el del usufructo de la tierra.|
||Presente |Cuernavaca||1965|18||Historia de Morelos|||||Informe, obras, Zacatepec, cooperativas, escolares, ayuntamiento, constitucional, sindicato, trabajadores, educación, industriales, arroceros, asociación, regional, potable, salud |El Lic. Emilio Riva Palacio, Gobernador Constitucional del Estado de Morelos, rindio el martes 4 de mayo actual, el primer informe de su Gobierno ante la XXXVI Legislatura del Estado.|
||Tribuna de Morelos|Cuernavaca||1946|8||Historia de Morelos|||||Ingenio, Zacatepec, economía, nacional, sesión, extraordinaria|El día 26 de los corrientes, fue celebrada una sesión extraordinaria de los Consejos de Administración y Vigilancia de la Cooperativa que administra el vecino Ingenio de Zacatepec.|
||Unidad Cañera|México D.F.||1963|26||Historia de Morelos|||||Asociación, productores, caña, azucar, confederación, campesina, obreros, permutas, casasano, ingenios, impuestos, crédito, molienda, melaza, mascabado, embarques, tamazula, cultivo, ganadería, fertilización, erosión, cañeros|La mecanización de las diferentes labores que en el campo requieren la siembra, el cultivo y producción de caña de azucar es una necesidad imperiosa como unico medio para mejorar los rendimientos que cada día deben ser mayores a fin de satisfacer, con amplitud la demanda del mercado nacional y en el mercado exterior, así como para mejorar las condiciones económicas y sociales de los campesinos y colonos productores de caña de azúcar.|
||El imparcial|México D.F.||1912|11||Historia de Morelos|||||Zapatistas, Yautepec, fraccionamiento, propiedad, fundición, tribunales, comisarias, avisos, teatro, correo|14 Zapatistas fueron ejecutados sumariamente en Yautepec. Una guarnición de 75 hombres estuvo resistiendo durante largas horas el ataque de 300 sublevados.|
